{
    "pending": {},
    "lastforged": 1838000000000,
    "lastpayout": 1554492337,
    "accounts": {
        "PKyaDLTBG6rW3qXxiDyDryicmFfnM1SMBQ": {
            "pending": 0.0,
            "received": 3617.746414077786
        },
        "PW2xJWnuHfx8x2VitTYeVwdtjF7rzrzsdQ": {
            "pending": 0.0,
            "received": 13843.253585922215
        }
    }
}