{
    "pending": {},
    "lastforged": 140928000000000,
    "lastpayout": 1580641521,
    "accounts": {
        "PAQJFYe1eAsm3SKKY1WW128ZkMj3C3WPgA": {
            "pending": 0,
            "received": 19505.203656622136
        },
        "PLytEzkAvhjtr5Ku6y79EKK3sKKWy7ReQY": {
            "pending": 0,
            "received": 9262.902044208742
        },
        "PW2xJWnuHfx8x2VitTYeVwdtjF7rzrzsdQ": {
            "pending": 0,
            "received": 35209.16073917037
        },
        "PLGEyYu3LZ6tGRQwWweT2wsVzBsgGBYJWW": {
            "pending": 0,
            "received": 115975.96982213682
        },
        "PDAh1CK3cJScGYFF9PsCUWAJMCeXwziVLK": {
            "pending": 0,
            "received": 44119.83564996988
        },
        "PLyMmFeP7MQa1jRaFGazdTgF2hQC4KXdbG": {
            "pending": 0,
            "received": 6572.671881864746
        },
        "PB23uc6eBBgoBtHv2fDDvEBrCZJfckfCVZ": {
            "pending": 0,
            "received": 84881.7271121876
        },
        "PHn61Zt746VXC19eCiu2UmVfyx34jbFo7g": {
            "pending": 0,
            "received": 51501.4447584607
        },
        "PSVypUsv6dTG6o81oTsUb3RUdBw3uDzndn": {
            "pending": 0,
            "received": 131502.7717546826
        },
        "PSy5SnVi6b3vjBeb9e8FYhrWc7KNk9ixER": {
            "pending": 0,
            "received": 521280.13153924234
        },
        "P93mS5ZVPRRip8XefTU3NvCwHFsoi2Fq8y": {
            "pending": 0,
            "received": 638.0436295384867
        },
        "PHZkNqEQf7LQQAjMqZK6mcZxsQxKcYkUTU": {
            "pending": 0,
            "received": 11234.99615068504
        },
        "PF4hhs32e7TK6dEmAy9agxWE2NffSBxDjR": {
            "pending": 0,
            "received": 5.0135109426001865
        },
        "PEoBQqGCEyQFqGKuaQ7ZwKZuDnQLMsykSy": {
            "pending": 0,
            "received": 4160.222492994369
        },
        "PPRmE8hGbHAg5nmsk9js1oC3uiwVdHwwR6": {
            "pending": 0,
            "received": 1822.2152605876336
        },
        "PUpVvkXqsZpQxKkYueYVE3vzTvEsTNgpSs": {
            "pending": 0,
            "received": 846.7850478512703
        },
        "PX11A6qnVDK5EfDnhEyxSVtF5hfhdB9Mea": {
            "pending": 0,
            "received": 9189.324752205399
        },
        "P8nnStMyikL35ht19gNouJYnW5RPPZVMFi": {
            "pending": 0,
            "received": 2947.9639852766886
        },
        "PKiGWoYUe1pvjuVHWBkHbsvNeUjgFwKTCG": {
            "pending": 0,
            "received": 4.22217342025549
        },
        "PWbEazG9bGaHMQp7Zx4Lks7WoiuUcjnpkU": {
            "pending": 0,
            "received": 1014.0898365755046
        },
        "PNTAU598SJRydZpiRim8G9pUYVaHf19Bkx": {
            "pending": 0,
            "received": 26655.826447136205
        },
        "PFzsev9KMFMJpmsW3t4aE9Qv9Wvokv4zuy": {
            "pending": 0,
            "received": 36.8963460504806
        },
        "PJJyak5H3GHY2JfJCmXq7VQZvrSmCpDJDt": {
            "pending": 0,
            "received": 3189.014401788367
        },
        "PNdjUfL6j3ka89pMQ1yqiHzuRWjzvnckTh": {
            "pending": 0,
            "received": 4891.673459768078
        },
        "PR5CuoscD91k5v11QWAhikougKtwoRqjpD": {
            "pending": 0,
            "received": 3168.785983287874
        },
        "PBpmtd4etvaJG4AdF3tHNqY3LgZ2e9Nmna": {
            "pending": 0,
            "received": 84241.62461359808
        },
        "PQpT559xSMT3ZXBrKbYwLTBwYjo2sYktjX": {
            "pending": 0,
            "received": 512.1250424893453
        },
        "PLMqsB3PqxCqmr9ek83tLZunYDzPcAve6F": {
            "pending": 0,
            "received": 3387.995509666949
        },
        "PAniPzJ8pLX1BbjeE4BETBWvtkGAp7XRvF": {
            "pending": 0,
            "received": 46961.69191978757
        },
        "PXeWvjkaoanydgq2vtjfu31PyHckek24Cr": {
            "pending": 0,
            "received": 2503.3544858804166
        },
        "PHFT4nmHJ6SpW2BX3BKkkqFpD8LBbnca4Q": {
            "pending": 0,
            "received": 2507.0952135597922
        },
        "PD7Me4rfBS9BmMwDGtPM4R29phLrQdQXxt": {
            "pending": 0,
            "received": 1668.4693951604304
        },
        "PPkqx5a5SM6ChuxGckVfodHtCRNRNJMACK": {
            "pending": 0,
            "received": 3126.867375758946
        },
        "PBxct1762M2y5SnQDXaTKsHDqa6ZHsN6L4": {
            "pending": 0,
            "received": 25897.2557778233
        },
        "PU6mH3ecZUt2MntxXKdX3YHcHAvgByEmeE": {
            "pending": 0,
            "received": 1238.9357639515854
        },
        "PUyA5zxN8exSdgdWwYxv8S3bVVvQhKVj2G": {
            "pending": 0,
            "received": 1488.5163114621744
        },
        "PScibsgk53Z1VwJLFQCasa54jvqoNuGXd8": {
            "pending": 0,
            "received": 7800.201226107234
        }
    }
}