{
    "pending": {},
    "lastforged": 175436000000000,
    "lastpayout": 1590931556,
    "accounts": {
        "PKyaDLTBG6rW3qXxiDyDryicmFfnM1SMBQ": {
            "pending": 0,
            "received": 87596.78674270335
        },
        "PW2xJWnuHfx8x2VitTYeVwdtjF7rzrzsdQ": {
            "pending": 0,
            "received": 85960.41482929063
        },
        "PRgTrFNEjxcKNNjoGosm3oK4rfVzMiKGBc": {
            "pending": 0,
            "received": 67131.82293645492
        },
        "PSEWfyAtSMtKMqr4QBhmR4BKNnGgfMZtDp": {
            "pending": 0,
            "received": 59033.07794286734
        },
        "PHPVuWzmKhSE8ECKxJd2kmerDPWRHK6dfW": {
            "pending": 0,
            "received": 58829.49515706433
        },
        "PNncWRNVoaAX8y9grBjrhtPwUtHhLnQAtJ": {
            "pending": 0,
            "received": 5421.8684530151595
        },
        "PHq6cg37YQ7nWvqTX92PF47r5z3Nh7UcA2": {
            "pending": 0,
            "received": 41953.13811732217
        },
        "PDT4sLCS9h3k8WnmmCSYrZPchdeMEeziJJ": {
            "pending": 0,
            "received": 101870.8812893571
        },
        "PNTAU598SJRydZpiRim8G9pUYVaHf19Bkx": {
            "pending": 0,
            "received": 482675.8906843574
        },
        "PHWM73AArMiPQvQK2K7Z3grj3JkU286utM": {
            "pending": 0,
            "received": 4827.699863721679
        },
        "PHPhr8o76RewMHqQXXAwHnB3TVtkkesRmy": {
            "pending": 0,
            "received": 2837.605569915865
        },
        "PR5CuoscD91k5v11QWAhikougKtwoRqjpD": {
            "pending": 0,
            "received": 4855.752348913355
        },
        "P9GiF7uxeXWQbMT2Cbr7urwihJ7yh7GjVK": {
            "pending": 0,
            "received": 55364.1216845391
        },
        "PCM9qCUmo8TtRawHB8iZc5rVJ6RVZcHEWW": {
            "pending": 0,
            "received": 12727.310925059455
        },
        "PQ7tqncormrixPsruxK7toRNzoKX8SnK1B": {
            "pending": 0,
            "received": 5.029462839224584
        },
        "PGqUjs3PnsRfRmGrgCAtDq128KcUBumuee": {
            "pending": 0,
            "received": 3791.9362186548415
        },
        "PJJyak5H3GHY2JfJCmXq7VQZvrSmCpDJDt": {
            "pending": 0,
            "received": 737.7545535303713
        },
        "PAV96cb9PCQw5oLRjmc9nNiHpt3jPburHh": {
            "pending": 0,
            "received": 251.1603286443823
        },
        "PCDtfR9YTd6SMJbtJuKnSQiwMh2Q22ZH8c": {
            "pending": 0,
            "received": 26180.0769241393
        },
        "PTmEC4gqtHDRzTLFJ4y6hYXFjg3rh5XmrN": {
            "pending": 0,
            "received": 21882.84497518107
        },
        "PAXuagsSNU7H1EbaXGCn65A5Bz2egZEjVJ": {
            "pending": 0,
            "received": 48244.621945414234
        },
        "PHFT4nmHJ6SpW2BX3BKkkqFpD8LBbnca4Q": {
            "pending": 0,
            "received": 57275.83823044613
        },
        "PX8qWq6YnHitsEESuttHs1WRZ4R5MUBfhR": {
            "pending": 0,
            "received": 46141.13684318083
        },
        "PPkqx5a5SM6ChuxGckVfodHtCRNRNJMACK": {
            "pending": 0,
            "received": 32938.475647854226
        },
        "PF7aJs6Xab743oQTZS8rYfLsK27ivsnyE5": {
            "pending": 0,
            "received": 1206.9596784650491
        },
        "PWwxK13XGHkyoeztdbAGYA1kopNjcBMD9R": {
            "pending": 0,
            "received": 9777.117224167163
        },
        "PHhz1m9MkuRK1iPorjnGvUVztE8WZbfxvs": {
            "pending": 0,
            "received": 1495.6825741569905
        },
        "PNWLPWPSbmnzai8Lfswend94icBcbBm9r3": {
            "pending": 0,
            "received": 81779.12941013352
        },
        "PDWCcCW8QkHw6AGM3RfCobPRcupakSmN7C": {
            "pending": 0,
            "received": 2712.0269421335524
        },
        "PXWqf2SrwV5Jz5NeMnyzz2BdpLZeSNx7Yj": {
            "pending": 0,
            "received": 51361.54068632614
        },
        "PGX5sz2AP1y9zABe2m5kBHugQsjDHcXNuB": {
            "pending": 0,
            "received": 10490.223573298641
        },
        "PEA9BEYnRrCUgKBugEQ6Wkz3gTik1ipz7S": {
            "pending": 0,
            "received": 34393.895929041915
        },
        "PQVKTEbJwAHpNe8NL34DzRKbJBLWk7JnA4": {
            "pending": 0,
            "received": 78496.6823078107
        }
    }
}