{
    "pending": {},
    "lastforged": 96202000000000,
    "lastpayout": 1573901638,
    "accounts": {
        "PKyaDLTBG6rW3qXxiDyDryicmFfnM1SMBQ": {
            "pending": 0,
            "received": 50457.62795548531
        },
        "PW2xJWnuHfx8x2VitTYeVwdtjF7rzrzsdQ": {
            "pending": 0,
            "received": 85960.41482929063
        },
        "PRgTrFNEjxcKNNjoGosm3oK4rfVzMiKGBc": {
            "pending": 0,
            "received": 67131.82293645492
        },
        "PSEWfyAtSMtKMqr4QBhmR4BKNnGgfMZtDp": {
            "pending": 0,
            "received": 59033.07794286734
        },
        "PHPVuWzmKhSE8ECKxJd2kmerDPWRHK6dfW": {
            "pending": 0,
            "received": 58829.49515706433
        },
        "PNncWRNVoaAX8y9grBjrhtPwUtHhLnQAtJ": {
            "pending": 0,
            "received": 3646.6807212976546
        },
        "PHq6cg37YQ7nWvqTX92PF47r5z3Nh7UcA2": {
            "pending": 0,
            "received": 41953.13811732217
        },
        "PDT4sLCS9h3k8WnmmCSYrZPchdeMEeziJJ": {
            "pending": 0,
            "received": 58444.405283156615
        },
        "PNTAU598SJRydZpiRim8G9pUYVaHf19Bkx": {
            "pending": 0,
            "received": 370542.47610963666
        },
        "PHWM73AArMiPQvQK2K7Z3grj3JkU286utM": {
            "pending": 0,
            "received": 4827.699863721679
        },
        "PHPhr8o76RewMHqQXXAwHnB3TVtkkesRmy": {
            "pending": 0,
            "received": 2837.605569915865
        },
        "PR5CuoscD91k5v11QWAhikougKtwoRqjpD": {
            "pending": 0,
            "received": 4855.752348913355
        },
        "P9GiF7uxeXWQbMT2Cbr7urwihJ7yh7GjVK": {
            "pending": 0,
            "received": 53002.58333010267
        },
        "PCM9qCUmo8TtRawHB8iZc5rVJ6RVZcHEWW": {
            "pending": 0,
            "received": 4862.117799646095
        },
        "PQ7tqncormrixPsruxK7toRNzoKX8SnK1B": {
            "pending": 0,
            "received": 5.029462839224584
        },
        "PGqUjs3PnsRfRmGrgCAtDq128KcUBumuee": {
            "pending": 0,
            "received": 457.4612138184669
        },
        "PJJyak5H3GHY2JfJCmXq7VQZvrSmCpDJDt": {
            "pending": 0,
            "received": 294.6113584670974
        }
    }
}