{
    "pending": {},
    "lastforged": 135352000000000,
    "lastpayout": 1579442605,
    "accounts": {
        "PAQJFYe1eAsm3SKKY1WW128ZkMj3C3WPgA": {
            "pending": 0,
            "received": 19041.79033264502
        },
        "PLytEzkAvhjtr5Ku6y79EKK3sKKWy7ReQY": {
            "pending": 0,
            "received": 9262.20478453034
        },
        "PW2xJWnuHfx8x2VitTYeVwdtjF7rzrzsdQ": {
            "pending": 0,
            "received": 35209.16073917037
        },
        "PLGEyYu3LZ6tGRQwWweT2wsVzBsgGBYJWW": {
            "pending": 0,
            "received": 113276.88194156476
        },
        "PDAh1CK3cJScGYFF9PsCUWAJMCeXwziVLK": {
            "pending": 0,
            "received": 43043.59906871751
        },
        "PLyMmFeP7MQa1jRaFGazdTgF2hQC4KXdbG": {
            "pending": 0,
            "received": 6572.671881864746
        },
        "PB23uc6eBBgoBtHv2fDDvEBrCZJfckfCVZ": {
            "pending": 0,
            "received": 82800.0987468569
        },
        "PHn61Zt746VXC19eCiu2UmVfyx34jbFo7g": {
            "pending": 0,
            "received": 50178.09000516829
        },
        "PSVypUsv6dTG6o81oTsUb3RUdBw3uDzndn": {
            "pending": 0,
            "received": 131502.7717546826
        },
        "PSy5SnVi6b3vjBeb9e8FYhrWc7KNk9ixER": {
            "pending": 0,
            "received": 508332.59555379406
        },
        "P93mS5ZVPRRip8XefTU3NvCwHFsoi2Fq8y": {
            "pending": 0,
            "received": 620.7571140743144
        },
        "PHZkNqEQf7LQQAjMqZK6mcZxsQxKcYkUTU": {
            "pending": 0,
            "received": 10913.894471148204
        },
        "PF4hhs32e7TK6dEmAy9agxWE2NffSBxDjR": {
            "pending": 0.07515590341123568,
            "received": 4.791027940906898
        },
        "PEoBQqGCEyQFqGKuaQ7ZwKZuDnQLMsykSy": {
            "pending": 0,
            "received": 4033.890379228475
        },
        "PPRmE8hGbHAg5nmsk9js1oC3uiwVdHwwR6": {
            "pending": 0,
            "received": 1766.880646635572
        },
        "PUpVvkXqsZpQxKkYueYVE3vzTvEsTNgpSs": {
            "pending": 0,
            "received": 821.0710036678354
        },
        "PX11A6qnVDK5EfDnhEyxSVtF5hfhdB9Mea": {
            "pending": 0,
            "received": 8901.476189084671
        },
        "P8nnStMyikL35ht19gNouJYnW5RPPZVMFi": {
            "pending": 0,
            "received": 2849.5498630659176
        },
        "PKiGWoYUe1pvjuVHWBkHbsvNeUjgFwKTCG": {
            "pending": 0.07177536864933774,
            "received": 4.009697769775054
        },
        "PWbEazG9bGaHMQp7Zx4Lks7WoiuUcjnpkU": {
            "pending": 0,
            "received": 980.2357048402974
        },
        "PNTAU598SJRydZpiRim8G9pUYVaHf19Bkx": {
            "pending": 0,
            "received": 19988.245368878008
        },
        "PFzsev9KMFMJpmsW3t4aE9Qv9Wvokv4zuy": {
            "pending": 0,
            "received": 36.8963460504806
        },
        "PJJyak5H3GHY2JfJCmXq7VQZvrSmCpDJDt": {
            "pending": 0,
            "received": 3189.014401788367
        },
        "PNdjUfL6j3ka89pMQ1yqiHzuRWjzvnckTh": {
            "pending": 0,
            "received": 4754.252264868508
        },
        "PR5CuoscD91k5v11QWAhikougKtwoRqjpD": {
            "pending": 0,
            "received": 3168.785983287874
        },
        "PBpmtd4etvaJG4AdF3tHNqY3LgZ2e9Nmna": {
            "pending": 0,
            "received": 79795.20756406957
        },
        "PQpT559xSMT3ZXBrKbYwLTBwYjo2sYktjX": {
            "pending": 0,
            "received": 475.073398711425
        },
        "PLMqsB3PqxCqmr9ek83tLZunYDzPcAve6F": {
            "pending": 0,
            "received": 2825.283229337682
        },
        "PAniPzJ8pLX1BbjeE4BETBWvtkGAp7XRvF": {
            "pending": 0,
            "received": 46961.69191978757
        },
        "PXeWvjkaoanydgq2vtjfu31PyHckek24Cr": {
            "pending": 0,
            "received": 2503.3544858804166
        },
        "PHFT4nmHJ6SpW2BX3BKkkqFpD8LBbnca4Q": {
            "pending": 0,
            "received": 2507.0952135597922
        },
        "PD7Me4rfBS9BmMwDGtPM4R29phLrQdQXxt": {
            "pending": 0,
            "received": 1668.4693951604304
        },
        "PPkqx5a5SM6ChuxGckVfodHtCRNRNJMACK": {
            "pending": 0,
            "received": 3126.867375758946
        },
        "PBxct1762M2y5SnQDXaTKsHDqa6ZHsN6L4": {
            "pending": 0,
            "received": 18801.22313712521
        },
        "PU6mH3ecZUt2MntxXKdX3YHcHAvgByEmeE": {
            "pending": 0,
            "received": 848.9971499131306
        }
    }
}