{
    "pending": {},
    "lastforged": 107342000000000,
    "lastpayout": 1581850159,
    "accounts": {
        "PHPVXYUaUCXcaHsuQ4ZBU4JsheNT4ggBSk": {
            "pending": 0,
            "received": 38713.87662655517
        },
        "PW2xJWnuHfx8x2VitTYeVwdtjF7rzrzsdQ": {
            "pending": 0,
            "received": 481972.49442365114
        },
        "PX8qWq6YnHitsEESuttHs1WRZ4R5MUBfhR": {
            "pending": 0,
            "received": 141471.0105256546
        },
        "PFzsev9KMFMJpmsW3t4aE9Qv9Wvokv4zuy": {
            "pending": 0,
            "received": 36.61652589186524
        },
        "PXFsspQQjnm6Kdjv32Ygf8n85WENDQwxgB": {
            "pending": 0,
            "received": 2859.6423626462765
        },
        "P9GiF7uxeXWQbMT2Cbr7urwihJ7yh7GjVK": {
            "pending": 0,
            "received": 23087.14759585947
        },
        "PK6Tm7EWpr3LFKRbd9uDToaTXmpgVjgrNh": {
            "pending": 0,
            "received": 86799.90109096168
        },
        "PAuRNDRK4kUaWXj7fQUEZAhfghVbkVfpvw": {
            "pending": 0,
            "received": 2430.884109644354
        },
        "PDT4sLCS9h3k8WnmmCSYrZPchdeMEeziJJ": {
            "pending": 0,
            "received": 13931.072567002644
        },
        "PQ4pE7Uz536oa9X3sNwrs3kFbwsGNSjwD2": {
            "pending": 0,
            "received": 816.365678582871
        },
        "PTmEC4gqtHDRzTLFJ4y6hYXFjg3rh5XmrN": {
            "pending": 0,
            "received": 8328.504441478643
        },
        "PWDoE2crRCHa43LTjdoDFajkxe3WUxfAHy": {
            "pending": 0,
            "received": 68.20361576213426
        },
        "PXeWvjkaoanydgq2vtjfu31PyHckek24Cr": {
            "pending": 0,
            "received": 2458.0515395885204
        },
        "PNTAU598SJRydZpiRim8G9pUYVaHf19Bkx": {
            "pending": 0,
            "received": 29692.668987675246
        },
        "PXWqf2SrwV5Jz5NeMnyzz2BdpLZeSNx7Yj": {
            "pending": 0,
            "received": 32101.60387588356
        },
        "PUFok6Dppjep2cEY4ci34UG2Js7myDDCqo": {
            "pending": 0,
            "received": 18329.303263105387
        },
        "PD7Me4rfBS9BmMwDGtPM4R29phLrQdQXxt": {
            "pending": 0,
            "received": 15980.010146161716
        },
        "PUAYy6qRWPW3Ra1aUEJ3QiyimwwDZRcQ9B": {
            "pending": 0,
            "received": 3152.770905047791
        },
        "PGX5sz2AP1y9zABe2m5kBHugQsjDHcXNuB": {
            "pending": 0,
            "received": 1914.3349864604622
        },
        "PXZsZWtGJWj65Ei4LRcBRqSjqWDWnGYJKA": {
            "pending": 0,
            "received": 28927.129357903803
        },
        "P9847jDLjJn3NyTG9WiWRTD7RwScKaSZvd": {
            "pending": 0,
            "received": 26495.145850060435
        },
        "PNWLPWPSbmnzai8Lfswend94icBcbBm9r3": {
            "pending": 0,
            "received": 6511.261524422142
        }
    }
}