{
    "pending": {},
    "lastforged": 89740000000000,
    "lastpayout": 1569751208,
    "accounts": {
        "PAQJFYe1eAsm3SKKY1WW128ZkMj3C3WPgA": {
            "pending": 0,
            "received": 13869.976691575956
        },
        "PLytEzkAvhjtr5Ku6y79EKK3sKKWy7ReQY": {
            "pending": 0,
            "received": 9254.423184539392
        },
        "PW2xJWnuHfx8x2VitTYeVwdtjF7rzrzsdQ": {
            "pending": 0,
            "received": 35209.16073917037
        },
        "PLGEyYu3LZ6tGRQwWweT2wsVzBsgGBYJWW": {
            "pending": 0,
            "received": 83154.35676386938
        },
        "PDAh1CK3cJScGYFF9PsCUWAJMCeXwziVLK": {
            "pending": 0,
            "received": 31032.517936721655
        },
        "PLyMmFeP7MQa1jRaFGazdTgF2hQC4KXdbG": {
            "pending": 0,
            "received": 6572.671881864746
        },
        "PB23uc6eBBgoBtHv2fDDvEBrCZJfckfCVZ": {
            "pending": 0,
            "received": 59568.58290899825
        },
        "PHn61Zt746VXC19eCiu2UmVfyx34jbFo7g": {
            "pending": 0,
            "received": 35409.10557824044
        },
        "PSVypUsv6dTG6o81oTsUb3RUdBw3uDzndn": {
            "pending": 0,
            "received": 104736.69266903448
        },
        "PSy5SnVi6b3vjBeb9e8FYhrWc7KNk9ixER": {
            "pending": 0,
            "received": 355585.5980760742
        },
        "P93mS5ZVPRRip8XefTU3NvCwHFsoi2Fq8y": {
            "pending": 0,
            "received": 427.8350899109239
        },
        "PHZkNqEQf7LQQAjMqZK6mcZxsQxKcYkUTU": {
            "pending": 0,
            "received": 7330.315923714016
        },
        "PF4hhs32e7TK6dEmAy9agxWE2NffSBxDjR": {
            "pending": 0.12165827037220495,
            "received": 3.0971259476101243
        },
        "PEoBQqGCEyQFqGKuaQ7ZwKZuDnQLMsykSy": {
            "pending": 0,
            "received": 2623.991018386248
        },
        "PPRmE8hGbHAg5nmsk9js1oC3uiwVdHwwR6": {
            "pending": 0,
            "received": 1149.3319132364193
        },
        "PUpVvkXqsZpQxKkYueYVE3vzTvEsTNgpSs": {
            "pending": 0,
            "received": 534.0955595104905
        },
        "PX11A6qnVDK5EfDnhEyxSVtF5hfhdB9Mea": {
            "pending": 0,
            "received": 5689.0110995302175
        },
        "P8nnStMyikL35ht19gNouJYnW5RPPZVMFi": {
            "pending": 0,
            "received": 1751.2225742499797
        },
        "PKiGWoYUe1pvjuVHWBkHbsvNeUjgFwKTCG": {
            "pending": 0.11618604540459809,
            "received": 2.391987989297185
        },
        "PWbEazG9bGaHMQp7Zx4Lks7WoiuUcjnpkU": {
            "pending": 0,
            "received": 602.4147591375847
        },
        "PNTAU598SJRydZpiRim8G9pUYVaHf19Bkx": {
            "pending": 0,
            "received": 18008.979868274553
        },
        "PFzsev9KMFMJpmsW3t4aE9Qv9Wvokv4zuy": {
            "pending": 0,
            "received": 36.8963460504806
        },
        "PJJyak5H3GHY2JfJCmXq7VQZvrSmCpDJDt": {
            "pending": 0,
            "received": 2374.5772125211242
        },
        "PNdjUfL6j3ka89pMQ1yqiHzuRWjzvnckTh": {
            "pending": 0,
            "received": 1929.2824437277782
        },
        "PR5CuoscD91k5v11QWAhikougKtwoRqjpD": {
            "pending": 0,
            "received": 3168.785983287874
        },
        "PBpmtd4etvaJG4AdF3tHNqY3LgZ2e9Nmna": {
            "pending": 0,
            "received": 30172.03282825298
        },
        "PQpT559xSMT3ZXBrKbYwLTBwYjo2sYktjX": {
            "pending": 0,
            "received": 61.439063767833275
        }
    }
}