{
    "pending": {},
    "lastforged": 222696000000000,
    "lastpayout": 1607279484,
    "accounts": {
        "PHPVXYUaUCXcaHsuQ4ZBU4JsheNT4ggBSk": {
            "pending": 0,
            "received": 38713.87662655517
        },
        "PW2xJWnuHfx8x2VitTYeVwdtjF7rzrzsdQ": {
            "pending": 0,
            "received": 677390.0511326432
        },
        "PX8qWq6YnHitsEESuttHs1WRZ4R5MUBfhR": {
            "pending": 0,
            "received": 195640.53427367352
        },
        "PFzsev9KMFMJpmsW3t4aE9Qv9Wvokv4zuy": {
            "pending": 0,
            "received": 36.61652589186524
        },
        "PXFsspQQjnm6Kdjv32Ygf8n85WENDQwxgB": {
            "pending": 0,
            "received": 4230.318082756939
        },
        "P9GiF7uxeXWQbMT2Cbr7urwihJ7yh7GjVK": {
            "pending": 0,
            "received": 61290.60079725327
        },
        "PK6Tm7EWpr3LFKRbd9uDToaTXmpgVjgrNh": {
            "pending": 0,
            "received": 86799.90109096168
        },
        "PAuRNDRK4kUaWXj7fQUEZAhfghVbkVfpvw": {
            "pending": 0,
            "received": 5256.016468810943
        },
        "PDT4sLCS9h3k8WnmmCSYrZPchdeMEeziJJ": {
            "pending": 0,
            "received": 18677.561039361226
        },
        "PQ4pE7Uz536oa9X3sNwrs3kFbwsGNSjwD2": {
            "pending": 0,
            "received": 2276.8212192546325
        },
        "PTmEC4gqtHDRzTLFJ4y6hYXFjg3rh5XmrN": {
            "pending": 0,
            "received": 8328.504441478643
        },
        "PWDoE2crRCHa43LTjdoDFajkxe3WUxfAHy": {
            "pending": 0,
            "received": 68.20361576213426
        },
        "PXeWvjkaoanydgq2vtjfu31PyHckek24Cr": {
            "pending": 0,
            "received": 2458.0515395885204
        },
        "PNTAU598SJRydZpiRim8G9pUYVaHf19Bkx": {
            "pending": 0,
            "received": 29692.668987675246
        },
        "PXWqf2SrwV5Jz5NeMnyzz2BdpLZeSNx7Yj": {
            "pending": 0,
            "received": 32101.60387588356
        },
        "PUFok6Dppjep2cEY4ci34UG2Js7myDDCqo": {
            "pending": 0,
            "received": 275056.7104994752
        },
        "PD7Me4rfBS9BmMwDGtPM4R29phLrQdQXxt": {
            "pending": 0,
            "received": 69913.41597260644
        },
        "PUAYy6qRWPW3Ra1aUEJ3QiyimwwDZRcQ9B": {
            "pending": 0,
            "received": 4930.07284245514
        },
        "PGX5sz2AP1y9zABe2m5kBHugQsjDHcXNuB": {
            "pending": 0,
            "received": 1914.3349864604622
        },
        "PXZsZWtGJWj65Ei4LRcBRqSjqWDWnGYJKA": {
            "pending": 0,
            "received": 220063.17824602785
        },
        "P9847jDLjJn3NyTG9WiWRTD7RwScKaSZvd": {
            "pending": 0,
            "received": 256788.83103482492
        },
        "PNWLPWPSbmnzai8Lfswend94icBcbBm9r3": {
            "pending": 0,
            "received": 6511.261524422142
        },
        "PSsjuazC6cCKcEjyUAVDqJNfETHEjgpMpC": {
            "pending": 0,
            "received": 345.2899544053541
        },
        "PSvvXoA2RPyhY6VXm7dgjDLhkt26HgX1YC": {
            "pending": 0,
            "received": 2485.785773227801
        },
        "PAP5h4JdaHqkBQ9iu9ofa3S8FP8hV1oSYp": {
            "pending": 0,
            "received": 1824.7034039982377
        },
        "PR5CuoscD91k5v11QWAhikougKtwoRqjpD": {
            "pending": 0,
            "received": 1469.0860445454496
        }
    }
}