{
    "pending": {},
    "lastforged": 126504000000000,
    "lastpayout": 1577551211,
    "accounts": {
        "PAQJFYe1eAsm3SKKY1WW128ZkMj3C3WPgA": {
            "pending": 0,
            "received": 18245.801365817402
        },
        "PLytEzkAvhjtr5Ku6y79EKK3sKKWy7ReQY": {
            "pending": 0,
            "received": 9261.007125804581
        },
        "PW2xJWnuHfx8x2VitTYeVwdtjF7rzrzsdQ": {
            "pending": 0,
            "received": 35209.16073917037
        },
        "PLGEyYu3LZ6tGRQwWweT2wsVzBsgGBYJWW": {
            "pending": 0,
            "received": 108640.7524600148
        },
        "PDAh1CK3cJScGYFF9PsCUWAJMCeXwziVLK": {
            "pending": 0,
            "received": 41194.98488339151
        },
        "PLyMmFeP7MQa1jRaFGazdTgF2hQC4KXdbG": {
            "pending": 0,
            "received": 6572.671881864746
        },
        "PB23uc6eBBgoBtHv2fDDvEBrCZJfckfCVZ": {
            "pending": 0,
            "received": 79224.55802304203
        },
        "PHn61Zt746VXC19eCiu2UmVfyx34jbFo7g": {
            "pending": 0,
            "received": 47905.00952103527
        },
        "PSVypUsv6dTG6o81oTsUb3RUdBw3uDzndn": {
            "pending": 0,
            "received": 131502.7717546826
        },
        "PSy5SnVi6b3vjBeb9e8FYhrWc7KNk9ixER": {
            "pending": 0,
            "received": 486093.0628110356
        },
        "P93mS5ZVPRRip8XefTU3NvCwHFsoi2Fq8y": {
            "pending": 0,
            "received": 591.0646670243975
        },
        "PHZkNqEQf7LQQAjMqZK6mcZxsQxKcYkUTU": {
            "pending": 0,
            "received": 10362.349271826748
        },
        "PF4hhs32e7TK6dEmAy9agxWE2NffSBxDjR": {
            "pending": 0.06804160381992087,
            "received": 4.544708529224849
        },
        "PEoBQqGCEyQFqGKuaQ7ZwKZuDnQLMsykSy": {
            "pending": 0,
            "received": 3816.894096405359
        },
        "PPRmE8hGbHAg5nmsk9js1oC3uiwVdHwwR6": {
            "pending": 0,
            "received": 1671.8343026686746
        },
        "PUpVvkXqsZpQxKkYueYVE3vzTvEsTNgpSs": {
            "pending": 0,
            "received": 776.9028833234582
        },
        "PX11A6qnVDK5EfDnhEyxSVtF5hfhdB9Mea": {
            "pending": 0,
            "received": 8407.048712561265
        },
        "P8nnStMyikL35ht19gNouJYnW5RPPZVMFi": {
            "pending": 0,
            "received": 2680.5073444184845
        },
        "PKiGWoYUe1pvjuVHWBkHbsvNeUjgFwKTCG": {
            "pending": 0.06498107235788446,
            "received": 3.7744578780754914
        },
        "PWbEazG9bGaHMQp7Zx4Lks7WoiuUcjnpkU": {
            "pending": 0,
            "received": 922.0856389088426
        },
        "PNTAU598SJRydZpiRim8G9pUYVaHf19Bkx": {
            "pending": 0,
            "received": 18008.979868274553
        },
        "PFzsev9KMFMJpmsW3t4aE9Qv9Wvokv4zuy": {
            "pending": 0,
            "received": 36.8963460504806
        },
        "PJJyak5H3GHY2JfJCmXq7VQZvrSmCpDJDt": {
            "pending": 0,
            "received": 3189.014401788367
        },
        "PNdjUfL6j3ka89pMQ1yqiHzuRWjzvnckTh": {
            "pending": 0,
            "received": 4319.463820174528
        },
        "PR5CuoscD91k5v11QWAhikougKtwoRqjpD": {
            "pending": 0,
            "received": 3168.785983287874
        },
        "PBpmtd4etvaJG4AdF3tHNqY3LgZ2e9Nmna": {
            "pending": 0,
            "received": 72157.75147419356
        },
        "PQpT559xSMT3ZXBrKbYwLTBwYjo2sYktjX": {
            "pending": 0,
            "received": 411.43107743112944
        },
        "PLMqsB3PqxCqmr9ek83tLZunYDzPcAve6F": {
            "pending": 0,
            "received": 1858.7318949987348
        },
        "PAniPzJ8pLX1BbjeE4BETBWvtkGAp7XRvF": {
            "pending": 0,
            "received": 28299.436525096582
        },
        "PXeWvjkaoanydgq2vtjfu31PyHckek24Cr": {
            "pending": 0,
            "received": 2503.3544858804166
        },
        "PHFT4nmHJ6SpW2BX3BKkkqFpD8LBbnca4Q": {
            "pending": 0,
            "received": 2507.0952135597922
        },
        "PD7Me4rfBS9BmMwDGtPM4R29phLrQdQXxt": {
            "pending": 0,
            "received": 1668.4693951604304
        },
        "PPkqx5a5SM6ChuxGckVfodHtCRNRNJMACK": {
            "pending": 0,
            "received": 3126.867375758946
        },
        "PBxct1762M2y5SnQDXaTKsHDqa6ZHsN6L4": {
            "pending": 0,
            "received": 6612.614398454538
        },
        "PU6mH3ecZUt2MntxXKdX3YHcHAvgByEmeE": {
            "pending": 0,
            "received": 179.21313971046973
        }
    }
}