{
    "pending": {},
    "lastforged": 166506000000000,
    "lastpayout": 1586097244,
    "accounts": {
        "PAQJFYe1eAsm3SKKY1WW128ZkMj3C3WPgA": {
            "pending": 0,
            "received": 21318.756838583668
        },
        "PLytEzkAvhjtr5Ku6y79EKK3sKKWy7ReQY": {
            "pending": 0,
            "received": 9265.630747598805
        },
        "PW2xJWnuHfx8x2VitTYeVwdtjF7rzrzsdQ": {
            "pending": 0,
            "received": 35209.16073917037
        },
        "PLGEyYu3LZ6tGRQwWweT2wsVzBsgGBYJWW": {
            "pending": 0,
            "received": 126538.76368442165
        },
        "PDAh1CK3cJScGYFF9PsCUWAJMCeXwziVLK": {
            "pending": 0,
            "received": 48331.65299635746
        },
        "PLyMmFeP7MQa1jRaFGazdTgF2hQC4KXdbG": {
            "pending": 0,
            "received": 6572.671881864746
        },
        "PB23uc6eBBgoBtHv2fDDvEBrCZJfckfCVZ": {
            "pending": 0,
            "received": 93028.11296317825
        },
        "PHn61Zt746VXC19eCiu2UmVfyx34jbFo7g": {
            "pending": 0,
            "received": 56680.35114617669
        },
        "PSVypUsv6dTG6o81oTsUb3RUdBw3uDzndn": {
            "pending": 0,
            "received": 131502.7717546826
        },
        "PSy5SnVi6b3vjBeb9e8FYhrWc7KNk9ixER": {
            "pending": 0,
            "received": 571146.7693382616
        },
        "P93mS5ZVPRRip8XefTU3NvCwHFsoi2Fq8y": {
            "pending": 0,
            "received": 705.6938534375231
        },
        "PHZkNqEQf7LQQAjMqZK6mcZxsQxKcYkUTU": {
            "pending": 0,
            "received": 12491.617275989149
        },
        "PF4hhs32e7TK6dEmAy9agxWE2NffSBxDjR": {
            "pending": 0.05961034726640225,
            "received": 5.531111357420786
        },
        "PEoBQqGCEyQFqGKuaQ7ZwKZuDnQLMsykSy": {
            "pending": 0,
            "received": 4654.619168812101
        },
        "PPRmE8hGbHAg5nmsk9js1oC3uiwVdHwwR6": {
            "pending": 0,
            "received": 2038.7654977363134
        },
        "PUpVvkXqsZpQxKkYueYVE3vzTvEsTNgpSs": {
            "pending": 0,
            "received": 947.416135126444
        },
        "PX11A6qnVDK5EfDnhEyxSVtF5hfhdB9Mea": {
            "pending": 0,
            "received": 10315.810872825277
        },
        "P8nnStMyikL35ht19gNouJYnW5RPPZVMFi": {
            "pending": 0,
            "received": 3333.10449645857
        },
        "PKiGWoYUe1pvjuVHWBkHbsvNeUjgFwKTCG": {
            "pending": 0.056929314710295026,
            "received": 4.716595152573405
        },
        "PWbEazG9bGaHMQp7Zx4Lks7WoiuUcjnpkU": {
            "pending": 0,
            "received": 1146.5768954363862
        },
        "PNTAU598SJRydZpiRim8G9pUYVaHf19Bkx": {
            "pending": 0,
            "received": 34436.79826216443
        },
        "PFzsev9KMFMJpmsW3t4aE9Qv9Wvokv4zuy": {
            "pending": 0,
            "received": 36.8963460504806
        },
        "PJJyak5H3GHY2JfJCmXq7VQZvrSmCpDJDt": {
            "pending": 0,
            "received": 3189.014401788367
        },
        "PNdjUfL6j3ka89pMQ1yqiHzuRWjzvnckTh": {
            "pending": 0,
            "received": 4891.673459768078
        },
        "PR5CuoscD91k5v11QWAhikougKtwoRqjpD": {
            "pending": 0,
            "received": 3168.785983287874
        },
        "PBpmtd4etvaJG4AdF3tHNqY3LgZ2e9Nmna": {
            "pending": 0,
            "received": 101642.53514266339
        },
        "PQpT559xSMT3ZXBrKbYwLTBwYjo2sYktjX": {
            "pending": 0,
            "received": 657.1254621867715
        },
        "PLMqsB3PqxCqmr9ek83tLZunYDzPcAve6F": {
            "pending": 0,
            "received": 5590.151972847053
        },
        "PAniPzJ8pLX1BbjeE4BETBWvtkGAp7XRvF": {
            "pending": 0,
            "received": 46961.69191978757
        },
        "PXeWvjkaoanydgq2vtjfu31PyHckek24Cr": {
            "pending": 0,
            "received": 2503.3544858804166
        },
        "PHFT4nmHJ6SpW2BX3BKkkqFpD8LBbnca4Q": {
            "pending": 0,
            "received": 2507.0952135597922
        },
        "PD7Me4rfBS9BmMwDGtPM4R29phLrQdQXxt": {
            "pending": 0,
            "received": 1668.4693951604304
        },
        "PPkqx5a5SM6ChuxGckVfodHtCRNRNJMACK": {
            "pending": 0,
            "received": 3126.867375758946
        },
        "PBxct1762M2y5SnQDXaTKsHDqa6ZHsN6L4": {
            "pending": 0,
            "received": 53667.351951147604
        },
        "PU6mH3ecZUt2MntxXKdX3YHcHAvgByEmeE": {
            "pending": 0,
            "received": 2764.9480248637005
        },
        "PUyA5zxN8exSdgdWwYxv8S3bVVvQhKVj2G": {
            "pending": 0,
            "received": 9283.561942551252
        },
        "PScibsgk53Z1VwJLFQCasa54jvqoNuGXd8": {
            "pending": 0,
            "received": 38326.038576113075
        },
        "PX8qWq6YnHitsEESuttHs1WRZ4R5MUBfhR": {
            "pending": 0,
            "received": 8172.703736931863
        },
        "PSbVbeXaZxxgxMr9mv6wxsbKD6WQEGaHkr": {
            "pending": 0,
            "received": 43319.35088709948
        }
    }
}