{
    "pending": {},
    "lastforged": 95762000000000,
    "lastpayout": 1570967119,
    "accounts": {
        "PAQJFYe1eAsm3SKKY1WW128ZkMj3C3WPgA": {
            "pending": 0,
            "received": 14671.660583327619
        },
        "PLytEzkAvhjtr5Ku6y79EKK3sKKWy7ReQY": {
            "pending": 0,
            "received": 9255.629411948139
        },
        "PW2xJWnuHfx8x2VitTYeVwdtjF7rzrzsdQ": {
            "pending": 0,
            "received": 35209.16073917037
        },
        "PLGEyYu3LZ6tGRQwWweT2wsVzBsgGBYJWW": {
            "pending": 0,
            "received": 87823.65556111661
        },
        "PDAh1CK3cJScGYFF9PsCUWAJMCeXwziVLK": {
            "pending": 0,
            "received": 32894.358083005245
        },
        "PLyMmFeP7MQa1jRaFGazdTgF2hQC4KXdbG": {
            "pending": 0,
            "received": 6572.671881864746
        },
        "PB23uc6eBBgoBtHv2fDDvEBrCZJfckfCVZ": {
            "pending": 0,
            "received": 63169.704937116534
        },
        "PHn61Zt746VXC19eCiu2UmVfyx34jbFo7g": {
            "pending": 0,
            "received": 37698.44887912304
        },
        "PSVypUsv6dTG6o81oTsUb3RUdBw3uDzndn": {
            "pending": 0,
            "received": 111508.34763752054
        },
        "PSy5SnVi6b3vjBeb9e8FYhrWc7KNk9ixER": {
            "pending": 0,
            "received": 379646.1380546914
        },
        "P93mS5ZVPRRip8XefTU3NvCwHFsoi2Fq8y": {
            "pending": 0,
            "received": 457.73997238963926
        },
        "PHZkNqEQf7LQQAjMqZK6mcZxsQxKcYkUTU": {
            "pending": 0,
            "received": 7885.807168311782
        },
        "PF4hhs32e7TK6dEmAy9agxWE2NffSBxDjR": {
            "pending": 0.1389242634529064,
            "received": 3.3353463923240576
        },
        "PEoBQqGCEyQFqGKuaQ7ZwKZuDnQLMsykSy": {
            "pending": 0,
            "received": 2842.539807075076
        },
        "PPRmE8hGbHAg5nmsk9js1oC3uiwVdHwwR6": {
            "pending": 0,
            "received": 1245.0582688824225
        },
        "PUpVvkXqsZpQxKkYueYVE3vzTvEsTNgpSs": {
            "pending": 0,
            "received": 578.579681885716
        },
        "PX11A6qnVDK5EfDnhEyxSVtF5hfhdB9Mea": {
            "pending": 0,
            "received": 6186.975971013658
        },
        "P8nnStMyikL35ht19gNouJYnW5RPPZVMFi": {
            "pending": 0,
            "received": 1921.4745122402492
        },
        "PKiGWoYUe1pvjuVHWBkHbsvNeUjgFwKTCG": {
            "pending": 0.13267540896369492,
            "received": 2.6194932079819324
        },
        "PWbEazG9bGaHMQp7Zx4Lks7WoiuUcjnpkU": {
            "pending": 0,
            "received": 660.9808613136295
        },
        "PNTAU598SJRydZpiRim8G9pUYVaHf19Bkx": {
            "pending": 0,
            "received": 18008.979868274553
        },
        "PFzsev9KMFMJpmsW3t4aE9Qv9Wvokv4zuy": {
            "pending": 0,
            "received": 36.8963460504806
        },
        "PJJyak5H3GHY2JfJCmXq7VQZvrSmCpDJDt": {
            "pending": 0,
            "received": 2650.3300934333697
        },
        "PNdjUfL6j3ka89pMQ1yqiHzuRWjzvnckTh": {
            "pending": 0,
            "received": 2367.181594290746
        },
        "PR5CuoscD91k5v11QWAhikougKtwoRqjpD": {
            "pending": 0,
            "received": 3168.785983287874
        },
        "PBpmtd4etvaJG4AdF3tHNqY3LgZ2e9Nmna": {
            "pending": 0,
            "received": 37864.1313074701
        },
        "PQpT559xSMT3ZXBrKbYwLTBwYjo2sYktjX": {
            "pending": 0,
            "received": 125.5614278238528
        }
    }
}