{
    "pending": {},
    "lastforged": 55280000000000,
    "lastpayout": 1565552299,
    "accounts": {
        "PKyaDLTBG6rW3qXxiDyDryicmFfnM1SMBQ": {
            "pending": 0,
            "received": 13393.623295921647
        },
        "PW2xJWnuHfx8x2VitTYeVwdtjF7rzrzsdQ": {
            "pending": 0,
            "received": 85960.41482929063
        },
        "PRgTrFNEjxcKNNjoGosm3oK4rfVzMiKGBc": {
            "pending": 0,
            "received": 67131.82293645492
        },
        "PSEWfyAtSMtKMqr4QBhmR4BKNnGgfMZtDp": {
            "pending": 0,
            "received": 59033.07794286734
        },
        "PHPVuWzmKhSE8ECKxJd2kmerDPWRHK6dfW": {
            "pending": 0,
            "received": 58829.49515706433
        },
        "PNncWRNVoaAX8y9grBjrhtPwUtHhLnQAtJ": {
            "pending": 0,
            "received": 1875.0852272444558
        },
        "PHq6cg37YQ7nWvqTX92PF47r5z3Nh7UcA2": {
            "pending": 0,
            "received": 41953.13811732217
        },
        "PDT4sLCS9h3k8WnmmCSYrZPchdeMEeziJJ": {
            "pending": 0,
            "received": 53559.869569579925
        },
        "PNTAU598SJRydZpiRim8G9pUYVaHf19Bkx": {
            "pending": 0,
            "received": 104586.41514170372
        },
        "PHWM73AArMiPQvQK2K7Z3grj3JkU286utM": {
            "pending": 0,
            "received": 4827.699863721679
        },
        "PHPhr8o76RewMHqQXXAwHnB3TVtkkesRmy": {
            "pending": 0,
            "received": 2837.605569915865
        },
        "PR5CuoscD91k5v11QWAhikougKtwoRqjpD": {
            "pending": 0,
            "received": 4855.752348913355
        }
    }
}