{
    "pending": {},
    "lastforged": 104222000000000,
    "lastpayout": 1581170839,
    "accounts": {
        "PHPVXYUaUCXcaHsuQ4ZBU4JsheNT4ggBSk": {
            "pending": 0,
            "received": 38713.87662655517
        },
        "PW2xJWnuHfx8x2VitTYeVwdtjF7rzrzsdQ": {
            "pending": 0,
            "received": 476381.0610082347
        },
        "PX8qWq6YnHitsEESuttHs1WRZ4R5MUBfhR": {
            "pending": 0,
            "received": 141471.0105256546
        },
        "PFzsev9KMFMJpmsW3t4aE9Qv9Wvokv4zuy": {
            "pending": 0,
            "received": 36.61652589186524
        },
        "PXFsspQQjnm6Kdjv32Ygf8n85WENDQwxgB": {
            "pending": 0,
            "received": 2820.42356290153
        },
        "P9GiF7uxeXWQbMT2Cbr7urwihJ7yh7GjVK": {
            "pending": 0,
            "received": 22636.07376542662
        },
        "PK6Tm7EWpr3LFKRbd9uDToaTXmpgVjgrNh": {
            "pending": 0,
            "received": 86799.90109096168
        },
        "PAuRNDRK4kUaWXj7fQUEZAhfghVbkVfpvw": {
            "pending": 0,
            "received": 2350.049307786753
        },
        "PDT4sLCS9h3k8WnmmCSYrZPchdeMEeziJJ": {
            "pending": 0,
            "received": 13929.989285307065
        },
        "PQ4pE7Uz536oa9X3sNwrs3kFbwsGNSjwD2": {
            "pending": 0,
            "received": 774.5780314061586
        },
        "PTmEC4gqtHDRzTLFJ4y6hYXFjg3rh5XmrN": {
            "pending": 0,
            "received": 8328.504441478643
        },
        "PWDoE2crRCHa43LTjdoDFajkxe3WUxfAHy": {
            "pending": 0,
            "received": 68.20361576213426
        },
        "PXeWvjkaoanydgq2vtjfu31PyHckek24Cr": {
            "pending": 0,
            "received": 2458.0515395885204
        },
        "PNTAU598SJRydZpiRim8G9pUYVaHf19Bkx": {
            "pending": 0,
            "received": 26382.054555522598
        },
        "PXWqf2SrwV5Jz5NeMnyzz2BdpLZeSNx7Yj": {
            "pending": 0,
            "received": 32101.60387588356
        },
        "PUFok6Dppjep2cEY4ci34UG2Js7myDDCqo": {
            "pending": 0,
            "received": 15892.778023495264
        },
        "PD7Me4rfBS9BmMwDGtPM4R29phLrQdQXxt": {
            "pending": 0,
            "received": 14436.827165963528
        },
        "PUAYy6qRWPW3Ra1aUEJ3QiyimwwDZRcQ9B": {
            "pending": 0,
            "received": 2782.757480663142
        },
        "PGX5sz2AP1y9zABe2m5kBHugQsjDHcXNuB": {
            "pending": 0,
            "received": 1914.3349864604622
        },
        "PXZsZWtGJWj65Ei4LRcBRqSjqWDWnGYJKA": {
            "pending": 0,
            "received": 23458.2016492475
        },
        "P9847jDLjJn3NyTG9WiWRTD7RwScKaSZvd": {
            "pending": 0,
            "received": 19909.69958221719
        },
        "PNWLPWPSbmnzai8Lfswend94icBcbBm9r3": {
            "pending": 0,
            "received": 4351.403353591225
        }
    }
}