{
    "pending": {},
    "lastforged": 265008000000000,
    "lastpayout": 1607864754,
    "accounts": {
        "PAQJFYe1eAsm3SKKY1WW128ZkMj3C3WPgA": {
            "pending": 0,
            "received": 26738.37935055166
        },
        "PLytEzkAvhjtr5Ku6y79EKK3sKKWy7ReQY": {
            "pending": 0,
            "received": 9273.770132983149
        },
        "PW2xJWnuHfx8x2VitTYeVwdtjF7rzrzsdQ": {
            "pending": 0,
            "received": 35209.16073917037
        },
        "PLGEyYu3LZ6tGRQwWweT2wsVzBsgGBYJWW": {
            "pending": 0,
            "received": 158104.61792833827
        },
        "PDAh1CK3cJScGYFF9PsCUWAJMCeXwziVLK": {
            "pending": 0,
            "received": 60918.24837930184
        },
        "PLyMmFeP7MQa1jRaFGazdTgF2hQC4KXdbG": {
            "pending": 0,
            "received": 6572.671881864746
        },
        "PB23uc6eBBgoBtHv2fDDvEBrCZJfckfCVZ": {
            "pending": 0,
            "received": 117372.77326230796
        },
        "PHn61Zt746VXC19eCiu2UmVfyx34jbFo7g": {
            "pending": 0,
            "received": 72156.99551781549
        },
        "PSVypUsv6dTG6o81oTsUb3RUdBw3uDzndn": {
            "pending": 0,
            "received": 131502.7717546826
        },
        "PSy5SnVi6b3vjBeb9e8FYhrWc7KNk9ixER": {
            "pending": 0,
            "received": 718880.25739989
        },
        "P93mS5ZVPRRip8XefTU3NvCwHFsoi2Fq8y": {
            "pending": 0,
            "received": 907.8597893573758
        },
        "PHZkNqEQf7LQQAjMqZK6mcZxsQxKcYkUTU": {
            "pending": 0,
            "received": 16246.90397364405
        },
        "PF4hhs32e7TK6dEmAy9agxWE2NffSBxDjR": {
            "pending": 0.14760837926360365,
            "received": 7.165067990763735
        },
        "PEoBQqGCEyQFqGKuaQ7ZwKZuDnQLMsykSy": {
            "pending": 0,
            "received": 6132.074244708207
        },
        "PPRmE8hGbHAg5nmsk9js1oC3uiwVdHwwR6": {
            "pending": 0,
            "received": 2685.904248277766
        },
        "PUpVvkXqsZpQxKkYueYVE3vzTvEsTNgpSs": {
            "pending": 0,
            "received": 1248.1420864856377
        },
        "PX11A6qnVDK5EfDnhEyxSVtF5hfhdB9Mea": {
            "pending": 0,
            "received": 13682.202109351038
        },
        "P8nnStMyikL35ht19gNouJYnW5RPPZVMFi": {
            "pending": 0,
            "received": 4484.058438932153
        },
        "PKiGWoYUe1pvjuVHWBkHbsvNeUjgFwKTCG": {
            "pending": 0.14096955088479507,
            "received": 6.277063019289108
        },
        "PWbEazG9bGaHMQp7Zx4Lks7WoiuUcjnpkU": {
            "pending": 0,
            "received": 1542.501235497592
        },
        "PNTAU598SJRydZpiRim8G9pUYVaHf19Bkx": {
            "pending": 0,
            "received": 34436.79826216443
        },
        "PFzsev9KMFMJpmsW3t4aE9Qv9Wvokv4zuy": {
            "pending": 0,
            "received": 36.8963460504806
        },
        "PJJyak5H3GHY2JfJCmXq7VQZvrSmCpDJDt": {
            "pending": 0,
            "received": 3189.014401788367
        },
        "PNdjUfL6j3ka89pMQ1yqiHzuRWjzvnckTh": {
            "pending": 0,
            "received": 4891.673459768078
        },
        "PR5CuoscD91k5v11QWAhikougKtwoRqjpD": {
            "pending": 0,
            "received": 3168.785983287874
        },
        "PBpmtd4etvaJG4AdF3tHNqY3LgZ2e9Nmna": {
            "pending": 0,
            "received": 153643.4179236087
        },
        "PQpT559xSMT3ZXBrKbYwLTBwYjo2sYktjX": {
            "pending": 0,
            "received": 1090.4293204557816
        },
        "PLMqsB3PqxCqmr9ek83tLZunYDzPcAve6F": {
            "pending": 0,
            "received": 12171.076569622968
        },
        "PAniPzJ8pLX1BbjeE4BETBWvtkGAp7XRvF": {
            "pending": 0,
            "received": 46961.69191978757
        },
        "PXeWvjkaoanydgq2vtjfu31PyHckek24Cr": {
            "pending": 0,
            "received": 2503.3544858804166
        },
        "PHFT4nmHJ6SpW2BX3BKkkqFpD8LBbnca4Q": {
            "pending": 0,
            "received": 2507.0952135597922
        },
        "PD7Me4rfBS9BmMwDGtPM4R29phLrQdQXxt": {
            "pending": 0,
            "received": 1668.4693951604304
        },
        "PPkqx5a5SM6ChuxGckVfodHtCRNRNJMACK": {
            "pending": 0,
            "received": 3126.867375758946
        },
        "PBxct1762M2y5SnQDXaTKsHDqa6ZHsN6L4": {
            "pending": 0,
            "received": 136655.51015773087
        },
        "PU6mH3ecZUt2MntxXKdX3YHcHAvgByEmeE": {
            "pending": 0,
            "received": 7325.283219352593
        },
        "PUyA5zxN8exSdgdWwYxv8S3bVVvQhKVj2G": {
            "pending": 0,
            "received": 97469.57774712169
        },
        "PScibsgk53Z1VwJLFQCasa54jvqoNuGXd8": {
            "pending": 0,
            "received": 130315.27569673139
        },
        "PX8qWq6YnHitsEESuttHs1WRZ4R5MUBfhR": {
            "pending": 0,
            "received": 19699.5637425577
        },
        "PSbVbeXaZxxgxMr9mv6wxsbKD6WQEGaHkr": {
            "pending": 0,
            "received": 343137.2206694123
        }
    }
}