{
    "pending": {},
    "lastforged": 11474000000000,
    "lastpayout": 1556465905,
    "accounts": {
        "PKyaDLTBG6rW3qXxiDyDryicmFfnM1SMBQ": {
            "pending": 0,
            "received": 4435.21065419815
        },
        "PW2xJWnuHfx8x2VitTYeVwdtjF7rzrzsdQ": {
            "pending": 0,
            "received": 46563.910685819064
        },
        "PRgTrFNEjxcKNNjoGosm3oK4rfVzMiKGBc": {
            "pending": 0,
            "received": 16073.424731555118
        },
        "PSEWfyAtSMtKMqr4QBhmR4BKNnGgfMZtDp": {
            "pending": 0,
            "received": 12851.03189006388
        },
        "PHPVuWzmKhSE8ECKxJd2kmerDPWRHK6dfW": {
            "pending": 0,
            "received": 14252.243045786438
        },
        "PNncWRNVoaAX8y9grBjrhtPwUtHhLnQAtJ": {
            "pending": 0,
            "received": 250.46231635607353
        },
        "PHq6cg37YQ7nWvqTX92PF47r5z3Nh7UcA2": {
            "pending": 0,
            "received": 10163.716676221278
        }
    }
}